שם החומר (עברית),Chemical Name (English),נוסחה כימית,מספר CAS,נקודת הבזק (°C),נקודת רתיחה (°C),LEL (%),UEL (%),טמפרטורת התלקחות עצמית (°C),לחץ אדים (mmHg @ 20°C),צפיפות יחסית (מים=1),צפיפות אדים (אוויר=1),מסיסות במים,pH (אם רלוונטי),קבוצת NFPA 400 ראשית,תת-קבוצה NFPA 400,קבוצות NFPA 400 נוספות,סיווג NFPA 30,Class NFPA 30,LC50 (ppm),LD50 (mg/kg),רמת סיכון בריאות NFPA,רמת דליקות NFPA,רמת תגובתיות NFPA,סיכונים מיוחדים NFPA,UN Number,Class DOT,Packing Group,הערות,"MAQ אחסון - מערכת סגורה (ק""ג/ליטר)","MAQ אחסון - מערכת פתוחה (ק""ג/ליטר)","MAQ שימוש - מערכת סגורה (ק""ג/ליטר)","MAQ שימוש - מערכת פתוחה (ק""ג/ליטר)","MAQ גז - אחסון (מ""ק)","MAQ גז - שימוש (מ""ק)",Protection Level,הערות MAQ,יחידות MAQ
אתנול,Ethanol,C₂H₅OH,64-17-5,13,78,3.3,19,363,44,0.79,1.59,מסיס,,נוזלים דליקים,Class IB,,נוזל דליק,Class IB,,,2,3,0,,1170,3,II,דוגמה,454.2,454.2,,,,,3,Flammable Liquid IB,ליטר
אצטון,Acetone,CH₃COCH₃,67-64-1,-18,56,2.5,13,465,184,0.79,2.0,מסיס,,נוזלים דליקים,Class IB,,נוזל דליק,Class IB,50100,,1,3,0,,1090,3,II,נדיף מאוד,454.2,454.2,,,,,3,Flammable Liquid IB,ליטר
מימן נוזלי,Liquid Hydrogen,H₂,1333-74-0,גז,-253,4,75,500,לא רלוונטי,0.07,0.07,לא מסיס,,גזים דליקים קריוגניים,Class 4,גזים דליקים,לא רלוונטי,,,,0,4,3,CRYO,1966,2.1,,קריוגני,,,,,28.3,,2,Flammable Gas,"מ""ק"
נתרן,Sodium,Na,7440-23-5,לא רלוונטי,883,,,,לא רלוונטי,0.97,,מגיב אלים,,חומרים רגישים למים,Class 3,פירוטכניקה,לא רלוונטי,,,,3,1,3,W,1428,4.3,I,מתלקח במים,45.4,45.4,4.5,4.5,22.7,22.7,2,Reacts explosively,"מ""ק"
חמצן נוזלי,Liquid Oxygen,O₂,7782-44-7,לא דליק,-183,,,,לא רלוונטי,1.14,1.1,מסיס מעט,,חומרים מחמצנים קריוגניים,,,לא רלוונטי,,,,0,0,0,OX CRYO,1073,2.2,,מחמצן+קריוגני,,,,,,,,,
בנזן,Benzene,C₆H₆,71-43-2,-11,80,1.2,7.8,498,75,0.88,2.77,לא מסיס,,נוזלים דליקים,Class IB,חומרים רעילים,נוזל דליק,Class IB,10000,930,2,3,0,,1114,3,II,מסרטן,454.2,454.2,,,,,3,Flammable Liquid IB,ליטר
מתנול,Methanol,CH₃OH,67-56-1,11,65,6.0,36,385,97,0.79,1.11,מסיס,,נוזלים דליקים,Class IB,חומרים רעילים,נוזל דליק,Class IB,64000,5628,1,3,0,,1230,3,II,רעיל בבליעה,454.2,454.2,,,,,3,Flammable Liquid IB,ליטר
טולואן,Toluene,C₇H₈,108-88-3,4,111,1.1,7.1,480,22,0.87,3.14,לא מסיס,,נוזלים דליקים,Class IB,,נוזל דליק,Class IB,49000,636,2,3,0,,1294,3,II,ממס תעשייתי,454.2,454.2,,,,,3,Flammable Liquid IB,ליטר
חומצה גופרתית 98%,Sulfuric Acid 98%,H₂SO₄,7664-93-9,לא דליק,337,,,,<1,1.84,,מסיס,<1,חומרים קורוזיביים,,מחמצנים קורוזיביים,לא רלוונטי,,347,2140,3,0,2,W OX,1830,8,II,קורוזיבי חזק,454,454,113.5,113.5,227,227,N/A,Corrosive Material,"מ""ק"
אמוניה נוזלית,Liquid Ammonia,NH₃,7664-41-7,גז,-33,15,28,651,7600,0.68,0.59,מסיס,11.6,גזים רעילים,,גזים קורוזיביים,לא רלוונטי,,2000,,3,1,0,COR,1005,2.3,,גז רעיל+קורוזיבי,227,227,4.5,4.5,113.5,113.5,3,Toxic Material,"מ""ק"
כלור,Chlorine,Cl₂,7782-50-5,גז,-34,,,,4800,1.56,2.49,מסיס מעט,,גזים רעילים,,מחמצנים (גז),לא רלוונטי,,293,,3,0,0,OX COR,1017,2.3,,מחמצן+רעיל,227,227,4.5,4.5,113.5,113.5,3,Toxic Material,"מ""ק"
פרופאן,Propane,C₃H₈,74-98-6,גז,-42,2.1,9.5,450,לא רלוונטי,0.58,1.56,לא מסיס,,גזים דליקים,,,לא רלוונטי,,,,1,4,0,,1075,2.1,,LPG,,,,,8.5,,2,LP Gas (300 lb),"מ""ק"
מימן פרוקסיד 35%,Hydrogen Peroxide 35%,H₂O₂,7722-84-1,לא דליק,108,,,,5,1.13,,מסיס,4.5,חומרים מחמצנים,Class 2,,לא רלוונטי,,2000,500,2,0,1,OX,2015,5.1,II,מחמצן חזק,,,,,,,,,
אצטילן,Acetylene,C₂H₂,74-86-2,גז,גז,2.5,100,305,לא רלוונטי,0.91,0.91,מסיס מעט,,גזים דליקים,,חומרים לא יציבים Class 3,לא רלוונטי,,,,1,4,3,,1001,2.1,,לא יציב בלחץ,,,,,28.3,,2,Flammable Gas,"מ""ק"
נתרן מתכתי,Sodium Metal,Na,7440-23-5,לא דליק,883,,,,לא רלוונטי,0.97,,מגיב אלים,,חומרים רגישים למים,Class 3,חומרים פירוטכניים,לא רלוונטי,,,,3,1,3,W,1428,4.3,I,מתלקח במגע מים,45.4,45.4,4.5,4.5,22.7,22.7,2,Reacts explosively,"מ""ק"
THF (טטרהידרופוראן),Tetrahydrofuran,C₄H₈O,109-99-9,-14,66,1.8,11.8,321,143,0.89,2.5,מסיס,,נוזלים דליקים,Class IB,פרוקסידים אורגניים,נוזל דליק,Class IB,,,2,3,1,,2056,3,II,יוצר פרוקסידים,454.2,454.2,,,,,3,Flammable Liquid IB,ליטר
דיכלורומתאן (DCM),Dichloromethane,CH₂Cl₂,75-09-2,לא דליק,40,,,,349,1.33,2.93,לא מסיס,,לא דליק,,,לא רלוונטי,,88000,,2,0,0,,1593,6.1,III,ממס מכלור,,,,,,,,,
כלורופורם,Chloroform,CHCl₃,67-66-3,לא דליק,61,,,,160,1.48,4.12,לא מסיס,,לא דליק,,,לא רלוונטי,,47702,908,2,0,0,,1888,6.1,III,"ממס, הרדמה",,,,,,,,,
פחמן דו-גופרתי,Carbon Disulfide,CS₂,75-15-0,-30,46,1.0,50,90,297,1.26,2.64,לא מסיס,,נוזלים דליקים,Class IB,חומרים רעילים,נוזל דליק,Class IB,,,2,4,0,,1131,3,I,רעיל ודליק מאוד,454.2,454.2,,,,,3,Flammable Liquid IB,ליטר
ציקלוהקסאן,Cyclohexane,C₆H₁₂,110-82-7,-20,81,1.3,8.4,245,77,0.78,2.9,לא מסיס,,נוזלים דליקים,Class IB,,נוזל דליק,Class IB,,,1,3,0,,1145,3,II,ממס,454.2,454.2,,,,,3,Flammable Liquid IB,ליטר
n-הפטאן,n-Heptane,C₇H₁₆,142-82-5,-4,98,1.05,6.7,204,40,0.68,3.5,לא מסיס,,נוזלים דליקים,Class IB,,נוזל דליק,Class IB,,,1,3,0,,1206,3,II,"ממס, דלק",454.2,454.2,,,,,3,Flammable Liquid IB,ליטר
הליום נוזלי,Liquid Helium,He,7440-59-7,לא דליק,-269,,,,לא רלוונטי,0.125,0.14,לא מסיס,,גזים קריוגניים אינרטיים,,,לא רלוונטי,,,,0,0,0,CRYO,1963,2.2,,טמפ׳ נמוכה ביותר,,ללא הגבלה,,ללא הגבלה,,ללא הגבלה,N/A,Cryogenic Inert - No Limit,
אתאן נוזלי (LNG),Liquid Ethane,C₂H₆,74-84-0,גז,-89,3.0,12.4,472,לא רלוונטי,0.57,1.05,לא מסיס,,גזים דליקים קריוגניים,,גזים דליקים,לא רלוונטי,,,,1,4,0,CRYO,1961,2.1,,קריוגני דליק,,,,,28.3,,2,Flammable Gas,"מ""ק"
חומצה פוספורית 85%,Phosphoric Acid 85%,H₃PO₄,7664-38-2,לא דליק,158,,,,<1,1.69,,מסיס,<1,חומרים קורוזיביים,,,לא רלוונטי,,,,3,0,0,,1805,8,III,קורוזיבי,454,454,113.5,113.5,227,227,N/A,Corrosive Material,"מ""ק"
חומצה אצטית קרחונית,Glacial Acetic Acid,CH₃COOH,64-19-7,39,118,4.0,19.9,427,11,1.05,2.07,מסיס,2.4,נוזלים בעירים,Class II,חומרים קורוזיביים,נוזל בעיר,Class II,,,3,2,0,COR,2789,8,II,קורוזיבי+בעיר,454.2,454.2,,,,,3,Combustible Liquid II,ליטר
n-בוטנול,n-Butanol,C₄H₉OH,71-36-3,29,118,1.4,11.2,343,5,0.81,2.55,מסיס מעט,,נוזלים בעירים,Class IC,,נוזל דליק,Class IC,,,1,3,0,,1120,3,III,ממס,454.2,454.2,,,,,3,Flammable Liquid IC,ליטר
אתילן גליקול,Ethylene Glycol,C₂H₆O₂,107-21-1,111,197,3.2,15.3,398,<1,1.11,2.14,מסיס,,נוזלים בעירים,Class IIIA,,נוזל בעיר,Class IIIA,,4700,1,1,0,,לא רלוונטי,,,אנטי-פריז,454.2,454.2,,,,,3,Combustible Liquid II,ליטר
טריכלורואתילן (TCE),Trichloroethylene,C₂HCl₃,79-01-6,לא דליק,87,,,,58,1.46,4.53,לא מסיס,,לא דליק,,,לא רלוונטי,,12500,,2,0,0,,1710,6.1,III,ממס מכלור,,,,,,,,,
פרכלורואתילן (PERC),Perchloroethylene,C₂Cl₄,127-18-4,לא דליק,121,,,,14,1.62,5.76,לא מסיס,,לא דליק,,,לא רלוונטי,,,,0,0,0,,1897,6.1,III,ניקוי יבש,,,,,,,,,
חנקתי נתרן,Sodium Nitrate,NaNO₃,7631-99-4,לא דליק,380,,,,לא רלוונטי,2.26,,מסיס,,חומרים מחמצנים,Class 2,,לא רלוונטי,,,,1,0,1,OX,1498,5.1,III,מחמצן,,,,,,,,,
כלורי נתרן (אקונומיקה),Sodium Hypochlorite,NaClO,7681-52-9,לא דליק,מתפרק,,,,לא רלוונטי,2.15,,מסיס,13,חומרים מחמצנים,Class 1,חומרים קורוזיביים,לא רלוונטי,,,,2,0,1,OX COR,1791,8,II,חיטוי מים,,,,,,,,,
בוטיל אצטט,Butyl Acetate,C₆H₁₂O₂,123-86-4,22,126,1.7,7.6,370,10,0.88,4.0,לא מסיס,,נוזלים דליקים,Class IC,,נוזל דליק,Class IC,,,1,3,0,,1123,3,II,ממס,454.2,454.2,,,,,3,Flammable Liquid IC,ליטר
MIBK (מתיל איזובוטיל קטון),Methyl Isobutyl Ketone,C₆H₁₂O,108-10-1,14,116,1.2,8.0,449,16,0.80,3.5,לא מסיס,,נוזלים דליקים,Class IC,,נוזל דליק,Class IC,,,1,3,0,,2053,3,II,ממס,454.2,454.2,,,,,3,Flammable Liquid IC,ליטר
TNT (טרי-ניטרו טולואן),Trinitrotoluene,C₇H₅N₃O₆,118-96-7,מוצק,240,,,,נמוך,1.65,,לא מסיס,,חומרי נפץ,Division 1.1D,,לא רלוונטי,,,,2,4,4,,0209,1.1D,,חומר נפץ,,,,,,,,,
חנקתי אמוניום,Ammonium Nitrate,NH₄NO₃,6484-52-2,מוצק,210,,,,נמוך,1.72,,מסיס,,חומרים מחמצנים,Class 1,חומרי נפץ Class 2,לא רלוונטי,,,,1,0,3,OX,1942,5.1,III,דשן+נפץ,,,,,,,,,
אתיל בנזן,Ethylbenzene,C₈H₁₀,100-41-4,15,136,0.8,6.7,432,7,0.87,3.66,לא מסיס,,נוזלים דליקים,Class IC,,נוזל דליק,Class IC,4000,,2,3,0,,1175,3,II,ייצור סטירן,454.2,454.2,,,,,3,Flammable Liquid IC,ליטר
קומן (איזופרופיל בנזן),Cumene,C₉H₁₂,98-82-8,36,152,0.9,6.5,424,3.2,0.86,4.14,לא מסיס,,נוזלים בעירים,Class IC,,נוזל דליק,Class IC,,,1,3,0,,1918,3,III,ייצור פנול,454.2,454.2,,,,,3,Flammable Liquid IC,ליטר
"מזיטילן (1,3,5-טרימתיל בנזן)",Mesitylene,C₉H₁₂,108-67-8,44,165,1.1,5.0,559,2,0.86,4.14,לא מסיס,,נוזלים בעירים,Class IIIA,,נוזל בעיר,Class IIIA,,,1,2,0,,2325,3,III,ממס,454.2,454.2,,,,,3,Combustible Liquid II,ליטר
n-פנטאן,n-Pentane,C₅H₁₂,109-66-0,-49,36,1.4,7.8,260,420,0.63,2.49,לא מסיס,,נוזלים דליקים,Class IA,,נוזל דליק,Class IA,,,1,4,0,,1265,3,I,"ממס, דלק",113.6,113.6,,,,,3,Flammable Liquid IA,ליטר
n-אוקטאן,n-Octane,C₈H₁₈,111-65-9,13,126,1.0,6.5,206,10,0.70,3.94,לא מסיס,,נוזלים דליקים,Class IC,,נוזל דליק,Class IC,,,1,3,0,,1262,3,II,"ממס, דלק",454.2,454.2,,,,,3,Flammable Liquid IC,ליטר
n-דקאן,n-Decane,C₁₀H₂₂,124-18-5,46,174,0.8,5.4,210,1,0.73,4.9,לא מסיס,,נוזלים בעירים,Class IIIA,,נוזל בעיר,Class IIIA,,,1,2,0,,2247,3,III,ממס,454.2,454.2,,,,,3,Combustible Liquid II,ליטר
איזו-פרופנול (IPA),Isopropyl Alcohol,C₃H₈O,67-63-0,12,82,2.0,12.7,399,33,0.78,2.07,מסיס,,נוזלים דליקים,Class IB,,נוזל דליק,Class IB,,5045,1,3,0,,1219,3,II,"חיטוי, ממס",454.2,454.2,,,,,3,Flammable Liquid IB,ליטר
tert-בוטנול,tert-Butanol,C₄H₁₀O,75-65-0,11,83,2.4,8.0,478,31,0.78,2.55,מסיס,,נוזלים דליקים,Class IB,,נוזל דליק,Class IB,,,1,3,0,,1120,3,II,ממס,454.2,454.2,,,,,3,Flammable Liquid IB,ליטר
פרופילן גליקול,Propylene Glycol,C₃H₈O₂,57-55-6,99,188,2.6,12.6,371,<1,1.04,2.62,מסיס,,נוזלים בעירים,Class II,,נוזל בעיר,Class II,,,1,1,0,,לא רלוונטי,,,"אנטי-פריז, מזון",454.2,454.2,,,,,3,Combustible Liquid II,ליטר
גליקול אתרים - 2-butoxyethanol,2-Butoxyethanol,C₆H₁₄O₂,111-76-2,62,171,1.1,12.7,238,0.6,0.90,4.1,מסיס,,נוזלים בעירים,Class IIIA,,נוזל בעיר,Class IIIA,,,2,2,0,,2369,6.1,III,"ממס, ניקוי",454.2,454.2,,,,,3,Combustible Liquid II,ליטר
ציקלוהקסאנון,Cyclohexanone,C₆H₁₀O,108-94-1,44,156,1.1,9.4,420,2.5,0.95,3.4,מסיס מעט,,נוזלים בעירים,Class IIIA,,נוזל בעיר,Class IIIA,,,1,2,0,,1915,3,III,"ממס, ניילון",454.2,454.2,,,,,3,Combustible Liquid II,ליטר
אצטופנון,Acetophenone,C₈H₈O,98-86-2,77,202,1.0,?,570,0.3,1.03,4.14,לא מסיס,,נוזלים בעירים,Class IIIA,,נוזל בעיר,Class IIIA,,,1,2,0,,2621,3,III,"ממס, בשמים",454.2,454.2,,,,,3,Combustible Liquid II,ליטר
מתיל אצטט,Methyl Acetate,C₃H₆O₂,79-20-9,-10,57,3.1,16,454,172,0.93,2.55,מסיס,,נוזלים דליקים,Class IB,,נוזל דליק,Class IB,,,1,3,0,,1231,3,II,ממס,454.2,454.2,,,,,3,Flammable Liquid IB,ליטר
איזופרופיל אצטט,Isopropyl Acetate,C₅H₁₀O₂,108-21-4,2,89,1.8,8.0,460,38,0.87,3.52,מסיס מעט,,נוזלים דליקים,Class IB,,נוזל דליק,Class IB,,,1,3,0,,1220,3,II,ממס,454.2,454.2,,,,,3,Flammable Liquid IB,ליטר
איזופרופיל אתר,Diisopropyl Ether,C₆H₁₄O,108-20-3,-28,69,1.4,21,443,119,0.72,3.52,לא מסיס,,נוזלים דליקים,Class IB,פרוקסידים אורגניים,נוזל דליק,Class IB,,,1,3,1,,1159,3,II,"ממס, פרוקסידים",454.2,454.2,,,,,3,Flammable Liquid IB,ליטר
MTBE (מתיל tert-בוטיל אתר),Methyl tert-Butyl Ether,C₅H₁₂O,1634-04-4,-28,55,2.5,15.1,224,245,0.74,3.04,מסיס מעט,,נוזלים דליקים,Class IB,,נוזל דליק,Class IB,,,1,3,0,,2398,3,II,תוסף בנזין,454.2,454.2,,,,,3,Flammable Liquid IB,ליטר
"1,4-דיוקסאן","1,4-Dioxane",C₄H₈O₂,123-91-1,12,101,2.0,22,180,30,1.03,3.03,מסיס,,נוזלים דליקים,Class IB,מסרטן,נוזל דליק,Class IB,,,2,3,0,,1165,3,II,ממס,454.2,454.2,,,,,3,Flammable Liquid IB,ליטר
אניסול (מתוקסי בנזן),Anisole,C₇H₈O,100-66-3,52,154,1.1,?,475,2.5,0.99,3.73,לא מסיס,,נוזלים בעירים,Class IIIA,,נוזל בעיר,Class IIIA,,,1,2,0,,2222,3,III,"ממס, בשמים",454.2,454.2,,,,,3,Combustible Liquid II,ליטר
פורפורל,Furfural,C₅H₄O₂,98-01-1,60,162,2.1,19.3,316,2,1.16,3.31,מסיס מעט,,נוזלים בעירים,Class IIIA,,נוזל בעיר,Class IIIA,,,2,2,0,,1199,6.1,III,"ממס, שרפים",454.2,454.2,,,,,3,Combustible Liquid II,ליטר
חומצה פרופיונית,Propionic Acid,C₃H₆O₂,79-09-4,52,141,2.9,12.1,512,3,0.99,2.55,מסיס,2.9,נוזלים בעירים,Class IIIA,חומרים קורוזיביים,נוזל בעיר,Class IIIA,,,3,2,0,COR,1848,8,III,קורוזיבי,454.2,454.2,,,,,3,Combustible Liquid II,ליטר
חומצה בוטירית,Butyric Acid,C₄H₈O₂,107-92-6,72,164,2.0,10.0,443,0.8,0.96,3.04,מסיס,4.8,נוזלים בעירים,Class IIIA,חומרים קורוזיביים,נוזל בעיר,Class IIIA,,,3,2,0,COR,2820,8,III,קורוזיבי,454.2,454.2,,,,,3,Combustible Liquid II,ליטר
איזו-בוטילן,Isobutylene,C₄H₈,115-11-7,גז,-7,1.8,9.6,465,לא רלוונטי,0.59,1.94,לא מסיס,,גזים דליקים,,,לא רלוונטי,,,,1,4,1,,1055,2.1,,פולימרים,,,,,28.3,,2,Flammable Gas,"מ""ק"
פרופאדיאן,Propadiene,C₃H₄,463-49-0,גז,-34,2.5,?,?,לא רלוונטי,0.67,1.38,לא מסיס,,גזים דליקים,,,לא רלוונטי,,,,1,4,2,,2200,2.1,,ריתוך,,,,,28.3,,2,Flammable Gas,"מ""ק"
מתיל-אצטילן,Methylacetylene,C₃H₄,74-99-7,גז,-23,1.7,?,?,לא רלוונטי,0.71,1.38,לא מסיס,,גזים דליקים,,,לא רלוונטי,,,,1,4,2,,1060,2.1,,כימיקלים,,,,,28.3,,2,Flammable Gas,"מ""ק"
דימתיל אמין,Dimethylamine,C₂H₇N,124-40-3,גז,-18,2.8,14.4,400,לא רלוונטי,0.68,1.55,מסיס,10.7,גזים דליקים,,גזים קורוזיביים,לא רלוונטי,,4540,,3,4,0,COR,1032,2.1,,"ממס, תרופות",,,,,28.3,,2,Flammable Gas,"מ""ק"
פוסגן (קרבוניל כלוריד),Phosgene,COCl₂,75-44-5,גז,לא דליק,8,,,,1.43,3.4,לא מסיס,,גזים רעילים,,,לא רלוונטי,,3,,4,0,0,,1076,2.3,,פוליקרבונט,227,227,4.5,4.5,113.5,113.5,3,Toxic Material,"מ""ק"
תחמוצת גופרית,Sulfur Dioxide,SO₂,7446-09-5,גז,לא דליק,-10,,,,1.46,2.26,מסיס,,גזים רעילים,,גזים קורוזיביים,לא רלוונטי,,2520,,3,0,0,COR,1079,2.3,,חומצה גופרתית,227,227,4.5,4.5,113.5,113.5,3,Toxic Material,"מ""ק"
פרכלורט אשלגן,Potassium Perchlorate,KClO₄,7778-74-7,מוצק,400,,,,נמוך,2.52,,מסיס מעט,,חומרים מחמצנים,Class 1,,לא רלוונטי,,,,1,0,1,OX,1489,5.1,II,זיקוקים,,,,,,,,,
כלורט נתרן,Sodium Chlorate,NaClO₃,7775-09-9,מוצק,300,,,,נמוך,2.49,,מסיס,,חומרים מחמצנים,Class 2,,לא רלוונטי,,,,1,0,1,OX,1495,5.1,II,זיקוקים,,,,,,,,,
פרמנגנט אשלגן,Potassium Permanganate,KMnO₄,7722-64-7,מוצק,מתפרק,,,,נמוך,2.70,,מסיס,,חומרים מחמצנים,Class 2,,לא רלוונטי,,,,1,0,1,OX,1490,5.1,II,"חיטוי, כימיה",,,,,,,,,
כרומט אשלגן,Potassium Chromate,K₂CrO₄,7789-00-6,מוצק,מתפרק,,,,נמוך,2.73,,מסיס,,חומרים מחמצנים,Class 2,מסרטן,לא רלוונטי,,,,3,0,1,OX,3288,6.1,II,"חמצון, מסרטן",,,,,,,,,
סידן,Calcium,Ca,7440-70-2,מוצק,842,,,,לא רלוונטי,1.55,,מגיב אלים,,חומרים רגישים למים,Class 3,,לא רלוונטי,,,,3,1,2,W,1401,4.3,II,מגיב עם מים,45.4,45.4,4.5,4.5,22.7,22.7,2,Reacts explosively,"מ""ק"
מגנזיום (גושים),Magnesium,Mg,7439-95-4,מוצק,650,,,,לא רלוונטי,1.74,,לא מסיס,,מוצקים דליקים,,חומרים רגישים למים,לא רלוונטי,,,,1,1,1,W,1869,4.1,III,סגסוגות,56.8,,56.8,,11.4,,3,Flammable Solid,"מ""ק"
ניטרוגליצרין,Nitroglycerin,C₃H₅N₃O₉,55-63-0,נוזל,13,,,270,<1,1.59,,לא מסיס,,חומרי נפץ,Division 1.1D,,נוזל דליק,Class IB,,,2,3,4,,0143,1.1D,,חומר נפץ+רפואה,454.2,454.2,,,,,3,Flammable Liquid IB,ליטר
פיקרית חומצה,Picric Acid,C₆H₃N₃O₇,88-89-1,מוצק,300,,,,נמוך,1.76,,מסיס מעט,,חומרי נפץ,Division 1.1D,,לא רלוונטי,,,,3,4,4,,0154,1.1D,,חומר נפץ,,,,,,,,,
מתיל מתאקרילט,Methyl Methacrylate,C₅H₈O₂,80-62-6,10,101,2.1,12.5,422,29,0.94,3.45,לא מסיס,,נוזלים דליקים,Class IB,לא יציב Class 2,נוזל דליק,Class IB,,,2,3,2,,1247,3,II,פולימרים,454.2,454.2,,,,,3,Flammable Liquid IB,ליטר
חומצה אקרילית,Acrylic Acid,C₃H₄O₂,79-10-7,54,141,2.4,8.0,438,3,1.05,2.49,מסיס,2.5,נוזלים בעירים,Class IIIA,קורוזיבי+לא יציב,נוזל בעיר,Class IIIA,,,3,2,2,COR,2218,8,II,פולימרים,454.2,454.2,,,,,3,Combustible Liquid II,ליטר
אתילן דיכלוריד (EDC),Ethylene Dichloride,C₂H₄Cl₂,107-06-2,13,83,6.2,16,413,61,1.25,3.42,לא מסיס,,נוזלים דליקים,Class IB,מסרטן,נוזל דליק,Class IB,,,2,3,0,,1184,3,II,"ממס, ויניל כלוריד",454.2,454.2,,,,,3,Flammable Liquid IB,ליטר
כלורובנזן,Chlorobenzene,C₆H₅Cl,108-90-7,28,132,1.3,9.6,593,9,1.11,3.88,לא מסיס,,נוזלים דליקים,Class IC,,נוזל דליק,Class IC,,,2,3,0,,1134,3,II,ממס,454.2,454.2,,,,,3,Flammable Liquid IC,ליטר
"1,1,1-טריכלורואתאן","1,1,1-Trichloroethane",C₂H₃Cl₃,71-55-6,לא דליק,74,,,,100,1.34,4.6,לא מסיס,,לא דליק,,,לא רלוונטי,,,,0,0,0,,2831,6.1,III,ממס מכלור,,,,,,,,,
פנול קריסטלי,Phenol,C₆H₆O,108-95-2,79,182,1.8,8.6,715,0.4,1.07,3.24,מסיס מעט,6,נוזלים בעירים,Class IIIA,רעיל+קורוזיבי,נוזל בעיר,Class IIIA,,316,3,2,0,COR,1671,6.1,II,שרפים,454.2,454.2,,,,,3,Combustible Liquid II,ליטר
קרזול (מתיל פנול),Cresol,C₇H₈O,1319-77-3,81,191,1.1,?,559,0.1,1.03,3.73,מסיס מעט,,נוזלים בעירים,Class IIIA,רעיל+קורוזיבי,נוזל בעיר,Class IIIA,,,2,2,0,COR,2076,6.1,II,חיטוי,454.2,454.2,,,,,3,Combustible Liquid II,ליטר
אנילין,Aniline,C₆H₇N,62-53-3,70,184,1.3,11,615,0.6,1.02,3.22,מסיס מעט,,נוזלים בעירים,Class IIIA,רעיל מאוד,נוזל בעיר,Class IIIA,,250,3,2,0,,1547,6.1,II,צבעים,454.2,454.2,,,,,3,Combustible Liquid II,ליטר
ניטרובנזן,Nitrobenzene,C₆H₅NO₂,98-95-3,88,211,1.8,?,482,0.2,1.20,4.25,לא מסיס,,נוזלים בעירים,Class IIIA,רעיל,נוזל בעיר,Class IIIA,,,3,2,0,,1662,6.1,II,אנילין,454.2,454.2,,,,,3,Combustible Liquid II,ליטר
ניטרומתאן,Nitromethane,CH₃NO₂,75-52-5,35,101,7.3,?,418,28,1.13,2.11,מסיס מעט,,נוזלים בעירים,Class IC,לא יציב Class 3,נוזל דליק,Class IC,,,2,3,3,,1261,3,II,"ממס, דלק מרוצים",454.2,454.2,,,,,3,Flammable Liquid IC,ליטר
ניטרואתאן,Nitroethane,C₂H₅NO₂,79-24-3,28,114,3.4,?,414,15,1.05,2.58,מסיס מעט,,נוזלים דליקים,Class IC,לא יציב Class 2,נוזל דליק,Class IC,,,2,3,3,,2842,3,II,ממס,454.2,454.2,,,,,3,Flammable Liquid IC,ליטר
דימתיל סולפיד,Dimethyl Sulfide,C₂H₆S,75-18-3,-37,37,2.2,19.7,206,400,0.85,2.14,לא מסיס,,נוזלים דליקים,Class IA,,נוזל דליק,Class IA,,,2,4,0,,1164,3,I,ממס,113.6,113.6,,,,,3,Flammable Liquid IA,ליטר
דיאתיל סולפיד,Diethyl Sulfide,C₄H₁₀S,352-93-2,-10,92,1.2,?,?,52,0.84,3.11,לא מסיס,,נוזלים דליקים,Class IB,,נוזל דליק,Class IB,,,2,3,0,,2375,3,II,ממס,454.2,454.2,,,,,3,Flammable Liquid IB,ליטר
אתיל מרקפטן,Ethyl Mercaptan,C₂H₆S,75-08-1,-48,35,2.8,18.2,299,442,0.84,2.14,לא מסיס,,גזים דליקים,,,נוזל דליק,Class IA,,,2,4,0,,2363,3,I,מריח גז,113.6,113.6,,,,,3,Flammable Liquid IA,ליטר
n-בוטיל מרקפטן,n-Butyl Mercaptan,C₄H₁₀S,109-79-5,2,98,1.4,?,225,35,0.84,3.11,לא מסיס,,נוזלים דליקים,Class IB,,נוזל דליק,Class IB,,,3,3,0,,1128,3,II,תוסף גז,454.2,454.2,,,,,3,Flammable Liquid IB,ליטר
טריכלוריד זרחן,Phosphorus Trichloride,PCl₃,7719-12-2,לא דליק,76,,,,82,1.57,4.75,מגיב אלים,,לא דליק,,רגיש למים+קורוזיבי,לא רלוונטי,,,,3,0,2,W COR,1809,8,I,כימיקלים,,,,,,,,,
טריברומיד זרחן,Phosphorus Tribromide,PBr₃,7789-60-8,לא דליק,173,,,,0.2,2.85,9.4,מגיב אלים,,לא דליק,,רגיש למים+קורוזיבי,לא רלוונטי,,,,3,0,2,W COR,1808,8,I,כימיקלים,,,,,,,,,
אוקסיכלוריד זרחן (POCl3),Phosphorus Oxychloride,POCl₃,10025-87-3,לא דליק,106,,,,27,1.68,5.3,מגיב אלים,,לא דליק,,רגיש למים+קורוזיבי,לא רלוונטי,,,,3,0,2,W COR,1810,8,I,פלסטיק,,,,,,,,,
תיוניל כלוריד,Thionyl Chloride,SOCl₂,7719-09-7,לא דליק,79,,,,82,1.64,4.1,מגיב אלים,,לא דליק,,רגיש למים+קורוזיבי,לא רלוונטי,,,,3,0,2,W COR,1836,8,I,כימיקלים,,,,,,,,,
גופרית כלוריד,Sulfur Dichloride,SCl₂,10025-67-9,לא דליק,138,,,,7,1.69,4.7,מגיב אלים,,לא דליק,,רגיש למים+קורוזיבי,לא רלוונטי,,,,3,0,2,W COR,1828,8,I,כימיקלים,,,,,,,,,
טריכלוריד בור,Boron Trichloride,BCl₃,10294-34-5,גז,12,,,,לא רלוונטי,1.35,4.04,מגיב אלים,,גז,,רגיש למים+קורוזיבי,לא רלוונטי,,,,3,0,2,W COR,1741,2.3,,מוליכים למחצה,,,,,,,,,
טריפלואוריד בור,Boron Trifluoride,BF₃,7637-07-2,גז,-100,,,,לא רלוונטי,2.99,2.34,מגיב אלים,,גז רעיל,,קורוזיבי,לא רלוונטי,,,,4,0,0,COR,1008,2.3,,קטליזטור,227,227,4.5,4.5,113.5,113.5,3,Toxic Material,"מ""ק"
טריאתיל אמין,Triethylamine,C₆H₁₅N,121-44-8,-7,89,1.2,8.0,249,54,0.73,3.49,מסיס מעט,10.7,נוזלים דליקים,Class IB,קורוזיבי,נוזל דליק,Class IB,,,3,3,0,COR,1296,3,II,"ממס, תרופות",454.2,454.2,,,,,3,Flammable Liquid IB,ליטר
פירידין,Pyridine,C₅H₅N,110-86-1,20,115,1.8,12.4,482,16,0.98,2.73,מסיס,,נוזלים דליקים,Class IC,,נוזל דליק,Class IC,,,2,3,0,,1282,3,II,ממס,454.2,454.2,,,,,3,Flammable Liquid IC,ליטר
N-nitrosodimethylamine,N-Nitrosodimethylamine,C₂H₆N₂O,62-75-9,לא דליק,152,,,,2.7,1.01,2.58,מסיס,,לא דליק,,מסרטן חזק,לא רלוונטי,,,,3,0,0,,?,6.1,I,מסרטן,,,,,,,,,
הידרזין,Hydrazine,N₂H₄,302-01-2,38,114,2.5,100,24,10,1.01,1.1,מסיס,,נוזלים בעירים,Class IC,רעיל+קורוזיבי,נוזל דליק,Class IC,,570,3,3,3,COR,2029,8,I,דלק רקטות,454.2,454.2,,,,,3,Flammable Liquid IC,ליטר
מתיל הידרזין,Methyl Hydrazine,CH₆N₂,60-34-4,-8,87,2.5,97,194,38,0.87,1.59,מסיס,,נוזלים דליקים,Class IB,רעיל+מסרטן,נוזל דליק,Class IB,,,4,3,3,COR,1244,6.1,I,דלק רקטות,454.2,454.2,,,,,3,Flammable Liquid IB,ליטר
טטראכלוריד סיליקון,Silicon Tetrachloride,SiCl₄,10026-04-7,לא דליק,57,,,,200,1.48,5.86,מגיב אלים,,לא דליק,,רגיש למים+קורוזיבי,לא רלוונטי,,,,3,0,2,W COR,1818,8,I,מוליכים למחצה,,,,,,,,,
חומצה ברומית 48%,Hydrobromic Acid 48%,HBr,10035-10-6,לא דליק,122,,,,5,1.49,,מסיס,<1,חומרים קורוזיביים,,,לא רלוונטי,,,,3,0,0,COR,1788,8,II,קורוזיבי חזק,454,454,113.5,113.5,227,227,N/A,Corrosive Material,"מ""ק"
חומצה יודית,Iodic Acid,HIO₃,7553-56-2,מוצק,מתפרק,,,,נמוך,4.93,,מסיס מעט,,חומרים מחמצנים,Class 4,,לא רלוונטי,,,,3,0,1,OX,1744,8,I,מחמצן חזק,,,,,,,,,
ברום נוזלי,Liquid Bromine,Br₂,7726-95-6,לא דליק,59,,,,175,3.12,5.5,לא מסיס,,לא דליק,,מחמצן+רעיל+קורוזיבי,לא רלוונטי,,,,3,0,0,OX COR,1744,8,I,כימיקלים,,,,,,,,,
טטראאתיל עופרת,Tetraethyl Lead,C₈H₂₀Pb,78-00-2,לא דליק,110,,,,0.2,1.65,11.2,לא מסיס,,לא דליק,,רעיל מאוד,לא רלוונטי,,,,4,1,2,,1649,6.1,I,היסטורי-בנזין,,,,,,,,,
טטרמתיל עופרת,Tetramethyl Lead,C₄H₁₂Pb,75-74-1,38,110,,,,92,1.99,9.2,לא מסיס,,נוזלים בעירים,Class IC,רעיל מאוד,נוזל דליק,Class IC,,,4,3,2,,1649,6.1,I,היסטורי-בנזין,454.2,454.2,,,,,3,Flammable Liquid IC,ליטר
קוואטרניום-15 (פורמלדהיד),Quaternium-15,C₁₃H₁₈ClN₂O₂,4080-31-3,מוצק,>100,,,,נמוך,?,,מסיס,,מוצקים בעירים,,,לא רלוונטי,,,,2,1,1,,?,,,משחרר פורמלדהיד,,,,,,,,,"ק""ג"
שמן צמחי,Vegetable Oil,תערובת,משתנה,316,משתנה,,,343,<1,0.92,,לא מסיס,,נוזלים בעירים,Class IIIB,,נוזל בעיר,Class IIIB,,,1,1,0,,לא רלוונטי,,,"מזון, הצתה עצמית",454.2,454.2,,,,,3,Combustible Liquid II,ליטר
שמן מינרלי,Mineral Oil,תערובת,8042-47-5,204,310,,,260,<1,0.87,,לא מסיס,,נוזלים בעירים,Class IIIB,,נוזל בעיר,Class IIIB,,,0,1,0,,לא רלוונטי,,,סיכה,454.2,454.2,,,,,3,Combustible Liquid II,ליטר
מנוע דיזל 2,Diesel Fuel #2,תערובת,68476-34-6,52,282,,,210,<1,0.85,,לא מסיס,,נוזלים בעירים,Class II,,נוזל בעיר,Class II,,,0,2,0,,1202,,,דלק,454.2,454.2,,,,,3,Combustible Liquid II,ליטר
נפט (Jet A),Jet Fuel (Jet A),תערובת,8008-20-6,38,196,0.7,5.0,210,2,0.81,4.5,לא מסיס,,נוזלים בעירים,Class IC,,נוזל דליק,Class IC,,,0,3,0,,1223,3,II,דלק מטוסים,454.2,454.2,,,,,3,Flammable Liquid IC,ליטר
פרפין נוזלי,Liquid Paraffin,CₙH₂ₙ₊₂,8012-95-1,199,343,,,245,<1,0.80,,לא מסיס,,נוזלים בעירים,Class IIIB,,נוזל בעיר,Class IIIB,,,0,1,0,,לא רלוונטי,,,"רפואה, קוסמטיקה",454.2,454.2,,,,,3,Combustible Liquid II,ליטר
אתנול מפומר,Denatured Ethanol,C₂H₅OH,64-17-5,13,78,3.3,19,363,44,0.79,1.59,מסיס,,נוזלים דליקים,Class IB,,נוזל דליק,Class IB,,,0,3,0,,1170,3,II,מפומר - לא למשקאות,454.2,454.2,,,,,3,Flammable Liquid IB,ליטר
נפתלן,Naphthalene,C₁₀H₈,91-20-3,79,218,0.9,5.9,526,0.08,1.15,4.42,לא מסיס,,מוצקים דליקים,,,לא רלוונטי,,,,2,2,0,,1334,4.1,III,כדורי נפתלין,56.8,,56.8,,11.4,,3,Flammable Solid,"מ""ק"
אנתרצן,Anthracene,C₁₄H₁₀,120-12-7,121,340,,,540,<0.01,1.28,,לא מסיס,,מוצקים דליקים,,,לא רלוונטי,,,,1,1,0,,?,,,צבעים,56.8,,56.8,,11.4,,3,Flammable Solid,"מ""ק"
הידרוקינון,Hydroquinone,C₆H₆O₂,123-31-9,165,287,,,515,<0.1,1.33,,מסיס,,מוצקים בעירים,,מחמצן חלש,לא רלוונטי,,,,2,1,0,,2662,6.1,III,"צילום, נוגד חמצון",,,,,,,,,"ק""ג"
גלוקוז,Glucose,C₆H₁₂O₆,50-99-7,מוצק,מתפרק,,,400,<0.01,1.54,,מסיס,,אבק דליק,,,לא רלוונטי,,,,1,1,0,,לא רלוונטי,,,מזון,,,,,,,,,
עמילן,Starch,(C₆H₁₀O₅)ₙ,9005-25-8,מוצק,מתפרק,,,380,<0.01,1.5,,לא מסיס,,אבק דליק,,,לא רלוונטי,,,,1,1,0,,לא רלוונטי,,,מזון,,,,,,,,,
מלתיון,Malathion,C₁₀H₁₉O₆PS₂,121-75-5,נוזל,>163,,,,<0.01,1.23,,לא מסיס,,לא דליק,,רעיל,לא רלוונטי,,,,2,0,0,,2783,6.1,III,קוטל חרקים,,,,,,,,,
פראתיון,Parathion,C₁₀H₁₄NO₅PS,56-38-2,נוזל,120,,,,<0.01,1.27,,לא מסיס,,לא דליק,,רעיל מאוד,לא רלוונטי,,,,4,0,0,,3018,6.1,I,קוטל חרקים,,,,,,,,,
DDT,DDT,C₁₄H₉Cl₅,50-29-3,מוצק,לא דליק,,,,<0.01,1.55,,לא מסיס,,מוצק,,רעיל,לא רלוונטי,,,,2,0,0,,2761,6.1,II,היסטורי - אסור,,,,,,,,,"ק""ג"
גליפוסט,Glyphosate,C₃H₈NO₅P,1071-83-6,מוצק,לא דליק,,,,<0.01,1.70,,מסיס,,מוצק,,רעיל קל,לא רלוונטי,,,,1,0,0,,3077,9,III,קוטל עשבים,,,,,,,,,"ק""ג"
פרקוואט,Paraquat,C₁₂H₁₄N₂,4685-14-7,מוצק,לא דליק,,,,<0.01,?,,מסיס,,מוצק,,רעיל מאוד,לא רלוונטי,,,,4,0,0,,2781,6.1,II,קוטל עשבים,,,,,,,,,"ק""ג"
R-134a (טטרפלואורואתאן),R-134a,C₂H₂F₄,811-97-2,גז,-26,,,,לא רלוונטי,1.21,3.52,מסיס מעט,,גז לא דליק,,,לא רלוונטי,,,,1,0,0,,3159,2.2,,קירור,,,,,28.3,,2,Flammable Gas,"מ""ק"
R-410A (תערובת),R-410A,תערובת,?,גז,משתנה,,,,לא רלוונטי,1.06,2.5,לא מסיס,,גז לא דליק,,,לא רלוונטי,,,,1,0,0,,3163,2.2,,קירור,,,,,28.3,,2,Flammable Gas,"מ""ק"
R-22 (כלורודיפלואורומתאן),R-22,CHClF₂,75-45-6,גז,לא דליק,,,,לא רלוונטי,1.49,3.0,מסיס מעט,,גז לא דליק,,,לא רלוונטי,,,,1,0,0,,1018,2.2,,קירור - פאזאאוט,,,,,28.3,,2,Flammable Gas,"מ""ק"
UDMH (דימתיל הידרזין),UDMH,C₂H₈N₂,57-14-7,15,63,2.0,95,249,120,0.79,2.07,מסיס,,נוזלים דליקים,Class IB,רעיל+מסרטן,נוזל דליק,Class IB,,,4,3,3,COR,1163,6.1,I,דלק רקטות,454.2,454.2,,,,,3,Flammable Liquid IB,ליטר
MMH (מונומתיל הידרזין),MMH,CH₆N₂,60-34-4,-8,87,2.5,97,194,38,0.87,1.59,מסיס,,נוזלים דליקים,Class IB,רעיל מאוד,נוזל דליק,Class IB,,,4,3,3,COR,1244,6.1,I,דלק רקטות,454.2,454.2,,,,,3,Flammable Liquid IB,ליטר
חנקתי אמוניום,Ammonium Nitrate,NH₄NO₃,6484-52-2,מוצק,170,,,210,נמוך,1.72,,מסיס,,חומרים מחמצנים,Class 1,חומר נפץ,לא רלוונטי,,,,1,0,3,OX,1942,5.1,III,"דשן, ANFO",,,,,,,,,
אמוניה ביתית 10%,Household Ammonia 10%,NH₃,1336-21-6,נוזל,לא דליק,,,,נמוך,0.96,,מסיס,11,לא דליק,,קורוזיבי קל,לא רלוונטי,,,,2,0,0,COR,לא רלוונטי,,,ניקוי ביתי,,,,,,,,,
כלורי נתרן 5%,Sodium Hypochlorite 5%,NaClO,7681-52-9,נוזל,לא דליק,,,,נמוך,1.07,,מסיס,13,לא דליק,,מחמצן+קורוזיבי חלש,לא רלוונטי,,,,2,0,1,OX COR,1791,8,III,הלבנה ביתית,,,,,,,,,
תכלת מתילן,Methylene Blue,C₁₆H₁₈ClN₃S,61-73-4,מוצק,לא דליק,,,,<0.01,?,,מסיס,,מוצק,,,לא רלוונטי,,,,1,0,0,,לא רלוונטי,,,"צבע, רפואה",,,,,,,,,"ק""ג"
יוד רדיואקטיבי I-131,Iodine-131,¹³¹I,10043-66-0,מוצק,לא דליק,,,,נמוך,4.93,,מסיס,,חומר רדיואקטיבי,,,לא רלוונטי,,,,2,0,0,RAD,2915,7,,רפואה גרעינית,,,,,,,,,
ונילין,Vanillin,C₈H₈O₃,121-33-5,מוצק,147,,,285,<0.01,1.06,,מסיס מעט,,מוצקים בעירים,,,לא רלוונטי,,,,1,1,0,,לא רלוונטי,,,טעם וריח,,,,,,,,,"ק""ג"
לימונן,Limonene,C₁₀H₁₆,5989-27-5,45,176,0.7,6.1,237,1.5,0.84,4.7,לא מסיס,,נוזלים בעירים,Class IIIA,,נוזל בעיר,Class IIIA,,,1,2,0,,2052,3,III,"ממס, בושם",454.2,454.2,,,,,3,Combustible Liquid II,ליטר
DOP (דיאוקטיל פתלט),DOP,C₂₄H₃₈O₄,117-81-7,207,384,,,402,<0.01,0.99,,לא מסיס,,נוזלים בעירים,Class IIIB,,נוזל בעיר,Class IIIB,,,1,1,0,,לא רלוונטי,,,פלסטיפיקטור,454.2,454.2,,,,,3,Combustible Liquid II,ליטר
DEHP (דיאתילהקסיל פתלט),DEHP,C₂₄H₃₈O₄,117-81-7,218,390,,,385,<0.01,0.99,,לא מסיס,,נוזלים בעירים,Class IIIB,,נוזל בעיר,Class IIIB,,,1,1,0,,לא רלוונטי,,,פלסטיפיקטור PVC,454.2,454.2,,,,,3,Combustible Liquid II,ליטר
tert-butyl hydroperoxide,tert-Butyl Hydroperoxide,C₄H₁₀O₂,75-91-2,27,89,,,200,13,0.90,3.1,מסיס,,פרוקסידים אורגניים,Class III,נוזל דליק,נוזל דליק,Class IC,,,3,3,3,OX,2093,5.2,II,יוזם פולימריזציה,454.2,454.2,,,,,3,Flammable Liquid IC,ליטר
lauroyl peroxide,Lauroyl Peroxide,C₂₄H₄₆O₄,105-74-8,100,מתפרק,,,,<0.01,?,,לא מסיס,,פרוקסידים אורגניים,Class II,,לא רלוונטי,,,,2,1,4,OX,2124,5.2,II,פלסטיק,7.3,7.3,3.6,3.6,3.6,3.6,2,Class I,"מ""ק"
peracetic acid 40%,Peracetic Acid,C₂H₄O₃,79-21-0,41,105,,,,5,1.15,2.6,מסיס,2.8,פרוקסידים אורגניים,Class II,קורוזיבי,נוזל בעיר,Class IC,,,3,2,3,OX COR,3105,5.2,II,חיטוי,454.2,454.2,,,,,3,Flammable Liquid IC,ליטר
hexamethylene diisocyanate,Hexamethylene Diisocyanate,C₈H₁₂N₂O₂,822-06-0,140,255,,,,<0.01,1.05,5.8,מגיב,,נוזלים בעירים,Class IIIB,רעיל,נוזל בעיר,Class IIIB,,,3,1,2,,2281,6.1,II,פוליאוריתן,454.2,454.2,,,,,3,Combustible Liquid II,ליטר
isophorone diisocyanate,Isophorone Diisocyanate,C₁₂H₁₈N₂O₂,4098-71-9,155,158,,,,<0.01,1.06,7.3,לא מסיס,,נוזלים בעירים,Class IIIB,רעיל,נוזל בעיר,Class IIIB,,,3,1,1,,2290,6.1,III,ציפויים,454.2,454.2,,,,,3,Combustible Liquid II,ליטר
dimethyl sulfate,Dimethyl Sulfate,C₂H₆O₄S,77-78-1,83,188,,,,0.5,1.33,4.4,מגיב,,נוזלים בעירים,Class IIIA,רעיל+מסרטן,נוזל בעיר,Class IIIA,,,4,2,0,COR,1595,6.1,I,מתילציה,454.2,454.2,,,,,3,Combustible Liquid II,ליטר
diethyl sulfate,Diethyl Sulfate,C₄H₁₀O₄S,64-67-5,104,209,,,,0.2,1.18,5.3,מסיס מעט,,נוזלים בעירים,Class IIIA,מסרטן,נוזל בעיר,Class IIIA,,,3,2,0,,1594,6.1,I,אתילציה,454.2,454.2,,,,,3,Combustible Liquid II,ליטר
bromine trifluoride,Bromine Trifluoride,BrF₃,7787-71-5,לא דליק,127,,,,90,2.80,4.8,מגיב אלים,,גז,,מחמצן+רעיל+קורוזיבי,לא רלוונטי,,,,4,0,3,OX W COR,1746,5.1,I,פלואורינציה,,,,,,,,,
iodine pentafluoride,Iodine Pentafluoride,IF₅,7783-66-6,לא דליק,100,,,,80,3.19,7.8,מגיב אלים,,נוזל,,מחמצן+רעיל+קורוזיבי,לא רלוונטי,,,,4,0,3,OX W COR,2495,5.1,I,פלואורינציה,,,,,,,,,ליטר
chlorine trifluoride,Chlorine Trifluoride,ClF₃,7790-91-2,לא דליק,12,,,,680,1.77,3.1,מגיב אלים,,גז,,מחמצן חזק+רעיל,לא רלוונטי,,,,4,0,4,OX W COR,1749,2.3,,חומר מחמצן חזק,,,,,,,,,
trimethylaluminum,Trimethylaluminum,C₃H₉Al,75-24-1,גז,126,,,,נמוך,0.75,2.5,מגיב אלים,,נוזל פירוטכני,,פירוטכני,נוזל דליק,Class IB,,,4,4,3,W,3051,4.2,I,קטליזטור,454.2,454.2,,,,,3,Flammable Liquid IB,ליטר
triethylaluminum,Triethylaluminum,C₆H₁₅Al,97-93-8,נוזל,186,,,,<1,0.83,4.0,מגיב אלים,,נוזל פירוטכני,,פירוטכני,לא רלוונטי,,,,4,4,3,W,3051,4.2,I,פולימרים,4.5,4.5,0.9,0.9,4.5,4.5,2,Pyrophoric Material,"מ""ק"
n-butyllithium,n-Butyllithium,C₄H₉Li,109-72-8,נוזל,80,,,,נמוך,0.68,2.1,מגיב אלים,,נוזל פירוטכני,,פירוטכני+דליק,נוזל דליק,Class IB,,,3,4,3,W,2445,4.2,I,ריאגנט,454.2,454.2,,,,,3,Flammable Liquid IB,ליטר
diethylzinc,Diethylzinc,C₄H₁₀Zn,557-20-0,נוזל,118,,,,15,1.21,4.3,מגיב אלים,,נוזל פירוטכני,,פירוטכני,נוזל דליק,Class IB,,,4,4,3,W,3394,4.2,I,קטליזטור,454.2,454.2,,,,,3,Flammable Liquid IB,ליטר
silane,Silane,SiH₄,7803-62-5,גז,-112,1.4,98,,לא רלוונטי,?,1.1,מגיב,,גז דליק פירוטכני,,פירוטכני,לא רלוונטי,,,,2,4,3,,2203,2.1,,מוליכים למחצה,,,,,28.3,,2,Flammable Gas,"מ""ק"
dichlorosilane,Dichlorosilane,H₂SiCl₂,4109-96-0,גז,-70,,,,לא רלוונטי,1.22,3.5,מגיב אלים,,גז דליק,,רגיש למים+קורוזיבי,לא רלוונטי,,,,3,4,2,W COR,2189,2.3,,סיליקון,,,,,28.3,,2,Flammable Gas,"מ""ק"
trichlorosilane,Trichlorosilane,HSiCl₃,10025-78-2,נוזל,-50,32,,,270,1.34,4.7,מגיב אלים,,נוזל דליק,Class IA,רגיש למים+קורוזיבי,נוזל דליק,Class IA,,,3,4,2,W COR,1295,4.3,I,פוליסיליקון,113.6,113.6,,,,,3,Flammable Liquid IA,ליטר
arsine,Arsine,AsH₃,7784-42-1,גז,-62,,,230,לא רלוונטי,?,2.7,מסיס מעט,,גז רעיל,,גז רעיל מאוד,לא רלוונטי,,3,,4,4,2,,2188,2.3,,מוליכים למחצה,227,227,4.5,4.5,113.5,113.5,3,Toxic Material,"מ""ק"
phosphine,Phosphine,PH₃,7803-51-2,גז,-88,,,100,לא רלוונטי,?,1.2,מסיס מעט,,גז דליק רעיל,,רעיל+פירוטכני,לא רלוונטי,,11,,4,4,2,,2199,2.3,,חיטוי,,,,,28.3,,2,Flammable Gas,"מ""ק"
stibine,Stibine,SbH₃,7803-52-3,גז,-88,,,,לא רלוונטי,?,4.3,לא מסיס,,גז רעיל דליק,,רעיל מאוד,לא רלוונטי,,,,4,4,2,,2676,2.3,,מוליכים למחצה,,,,,28.3,,2,Flammable Gas,"מ""ק"
nickel carbonyl,Nickel Carbonyl,Ni(CO)₄,13463-39-3,נוזל,60,43,2.0,34,116,400,1.31,5.9,לא מסיס,,נוזל דליק,Class IIIA,רעיל מאוד+מסרטן,נוזל בעיר,Class IIIA,,,4,3,0,,1259,6.1,I,454.2,1249,,,,,3,Use: See Note 1,ליטר
iron pentacarbonyl,Iron Pentacarbonyl,Fe(CO)₅,13463-40-6,נוזל,-20,103,3.7,,245,21,1.46,6.9,לא מסיס,,נוזל דליק,Class IB,רעיל מאוד,נוזל דליק,Class IB,,,4,3,2,,1994,6.1,I,454.2,454.2,,,,,3,Use: See Note 1,ליטר
1-ethyl-3-methylimidazolium,1-Ethyl-3-methylimidazolium,C₆H₁₁N₂⁺,משתנה,>100,>200,,,,<0.01,1.0,,מסיס,,נוזל,,ממס ירוק,לא רלוונטי,,,,1,0,0,,לא רלוונטי,,,ממס,,,,,,,,,ליטר
"2,4-dinitrotoluene","2,4-Dinitrotoluene",C₇H₆N₂O₄,121-14-2,מוצק,207,300,,,,<0.01,1.32,,לא מסיס,,מוצק,,רעיל+חומר נפץ,לא רלוונטי,,,,2,1,3,,1600,6.1,II,,,,,,,,,
"2,4,6-trinitrophenol (picric)","2,4,6-Trinitrophenol",C₆H₃N₃O₇,88-89-1,מוצק,150,מתפרק,,,300,<0.01,1.76,,מסיס מעט,,חומר נפץ,Division 1.1D,,לא רלוונטי,,,,3,4,4,,0154,1.1D,,,,,,,,,,
aluminum chloride,Aluminum Chloride,AlCl₃,7446-70-0,מוצק,סובלימציה,178,,,,<1,2.44,,מגיב אלים,,מוצק,,רגיש למים+קורוזיבי,לא רלוונטי,,,,3,0,2,W COR,1726,8,II,,,,,,,,,
antimony pentachloride,Antimony Pentachloride,SbCl₅,7647-18-9,נוזל,לא דליק,140,,,,135,2.34,7.9,מגיב אלים,,נוזל,,רגיש למים+קורוזיבי,לא רלוונטי,,,,3,0,2,W COR,1730,8,II,,,,,,,,,
titanium tetrachloride,Titanium Tetrachloride,TiCl₄,7550-45-0,נוזל,לא דליק,136,,,,10,1.73,6.6,מגיב אלים,,נוזל,,רגיש למים+קורוזיבי,לא רלוונטי,,,,3,0,2,W COR,1838,8,I,,,,,,,,,
ethylene oxide,Ethylene Oxide,C₂H₄O,75-21-8,גז,-20,11,3.0,100,429,1095,0.87,1.52,מסיס,,גז דליק,,לא יציב+מסרטן,נוזל דליק,Class IA,,800,3,4,3,,1040,2.3,,,,,,,,,,
propylene oxide,Propylene Oxide,C₃H₆O,75-56-9,נוזל,-37,34,2.3,36,445,445,0.83,2.0,מסיס,,נוזל דליק,Class IA,מסרטן+לא יציב,נוזל דליק,Class IA,,,3,4,3,,1280,3,I,113.6,113.6,,,,,3,Use: See Note 1,ליטר
perchloric acid 70%,Perchloric Acid 70%,HClO₄,7601-90-3,נוזל,לא דליק,130,,,,6.5,1.67,,מסיס,<1,חומצה,,מחמצן Class 4+קורוזיבי,לא רלוונטי,,,,3,0,4,OX COR,1802,5.1,I,,,,,,,,,
hydrofluoric acid 70%,Hydrofluoric Acid 70%,HF,7664-39-3,נוזל,לא דליק,120,,,,25,1.15,,מסיס,<1,חומצה,,רעיל מאוד+קורוזיבי,לא רלוונטי,,,,4,0,0,COR,1790,8,I,,,,,,,,,
fuming nitric acid,Fuming Nitric Acid,HNO₃,7697-37-2,נוזל,לא דליק,83,,,,48,1.50,,מסיס,<1,חומצה,,מחמצן Class 3+קורוזיבי,לא רלוונטי,,,,4,0,2,OX COR,2032,8,I,,,,,,,,,
uranium hexafluoride,Uranium Hexafluoride,UF₆,7783-81-5,מוצק,לא דליק,56,,,,סובלימציה,5.09,13,מגיב,,מוצק רדיואקטיבי,,רדיואקטיבי+קורוזיבי,לא רלוונטי,,,,3,0,1,RAD COR,2978,8,I,,,,,,,,,
carbon nanotubes,Carbon Nanotubes,C,משתנה,מוצק,>600,,,,<0.01,~2.0,,לא מסיס,,מוצק דליק,,סיכון נשימתי,לא רלוונטי,,,,2,1,0,,?,,,ננו-חומר,56.8,,56.8,,11.4,,3,Flammable Solid,"מ""ק"
sulfuryl fluoride,Sulfuryl Fluoride,SO₂F₂,2699-79-8,גז,-55,,,,לא רלוונטי,?,3.5,לא מסיס,,גז רעיל,,,לא רלוונטי,,3000,,3,0,0,,2191,2.3,,חיטוי מבנים,227,227,4.5,4.5,113.5,113.5,3,Toxic Material,"מ""ק"
carbonyl fluoride,Carbonyl Fluoride,COF₂,353-50-4,גז,לא דליק,-83,,,,לא רלוונטי,?,2.3,מגיב,,גז רעיל,,קורוזיבי,לא רלוונטי,,,,4,0,0,COR,2417,2.3,,,,,,,,,,
JP-8 jet fuel,JP-8,תערובת,?,נוזל,38,180,0.6,4.7,210,2,0.80,4.5,לא מסיס,,נוזל דליק,Class IC,,נוזל דליק,Class IC,,,1,2,0,,1863,3,III,454.2,454.2,,,,,3,Use: See Note 1,ליטר
JP-5 jet fuel,JP-5,תערובת,?,נוזל,60,220,0.7,4.8,230,1,0.81,4.6,לא מסיס,,נוזל בעיר,Class IIIA,,נוזל בעיר,Class IIIA,,,1,2,0,,1863,3,III,454.2,1249,,,,,3,Use: See Note 1,ליטר
biodiesel (B100),Biodiesel,C₁₈-C₂₂,משתנה,נוזל,130,350,,,,<1,0.88,,לא מסיס,,נוזל בעיר,Class IIIA,,נוזל בעיר,Class IIIA,,,0,2,0,,לא רלוונטי,,,454.2,1249,,,,,3,Use: See Note 1,ליטר
formic acid 90%,Formic Acid,HCOOH,64-18-6,נוזל,69,101,18,57,520,35,1.22,1.59,מסיס,2.0,נוזל בעיר,Class IIIA,קורוזיבי,נוזל בעיר,Class IIIA,,,3,2,0,COR,1779,8,II,454.2,1249,,,,,3,Use: See Note 1,ליטר
oxalic acid,Oxalic Acid,C₂H₂O₄,144-62-7,מוצק,לא דליק,189,,,,<0.01,1.90,,מסיס,1.3,מוצק,,רעיל+קורוזיבי,לא רלוונטי,,,,3,1,0,,3261,6.1,III,,,,,,,,,
citric acid,Citric Acid,C₆H₈O₇,77-92-9,מוצק,לא דליק,153,,,,<0.01,1.67,,מסיס,2.2,מוצק,,,לא רלוונטי,,,,1,1,0,,לא רלוונטי,,,,,,,,,,,
potassium hydroxide 50%,Potassium Hydroxide,KOH,1310-58-3,נוזל,לא דליק,140,,,,נמוך,1.52,,מסיס,14,נוזל קורוזיבי,,,לא רלוונטי,,,,3,0,1,COR,1814,8,II,,,,,,,,,
sodium hydroxide 50%,Sodium Hydroxide,NaOH,1310-73-2,נוזל,לא דליק,145,,,,נמוך,1.53,,מסיס,14,נוזל קורוזיבי,,,לא רלוונטי,,,,3,0,1,COR,1824,8,II,,,,,,,,,
tetramethylammonium hydroxide,TMAH,C₄H₁₃NO,75-59-2,נוזל,לא דליק,130,,,,<1,0.92,,מסיס,14,בסיס,,רעיל+קורוזיבי,לא רלוונטי,,,,4,1,0,COR,1835,8,II,,,,,,,,,
mercaptans mixture,Mercaptans,RSH,משתנה,נוזל,-30,90,1.0,,,100,0.85,2.5,לא מסיס,,נוזל דליק,Class IB,,נוזל דליק,Class IB,,,3,3,0,,1228,3,II,454.2,454.2,,,,,3,Use: See Note 1,ליטר
thioglycolic acid,Thioglycolic Acid,C₂H₄O₂S,68-11-1,נוזל,129,123,,,,1,1.33,3.2,מסיס,3.4,נוזל בעיר,Class IIIA,קורוזיבי,נוזל בעיר,Class IIIA,,,3,2,0,COR,1940,8,III,454.2,1249,,,,,3,Use: See Note 1,ליטר
carbon tetrachloride,Carbon Tetrachloride,CCl₄,56-23-5,נוזל,לא דליק,77,,,,90,1.59,5.3,לא מסיס,,לא דליק,,רעיל+מסרטן,לא רלוונטי,,,,3,0,0,,1846,6.1,III,,,,,,,,,
"1,2-dichloroethane","1,2-Dichloroethane",C₂H₄Cl₂,107-06-2,נוזל,13,83,6.2,16,413,61,1.25,3.4,מסיס מעט,,נוזל דליק,Class IB,מסרטן,נוזל דליק,Class IB,,,2,3,0,,1184,3,II,454.2,454.2,,,,,3,Use: See Note 1,ליטר
mercury metal,Mercury,Hg,7439-97-6,נוזל,לא דליק,357,,,,0.002,13.53,6.9,לא מסיס,,מתכת נוזלית,,רעיל מאוד,לא רלוונטי,,,,3,0,0,,2809,8,III,,,,,,,,,
lead acetate,Lead Acetate,C₄H₆O₄Pb,301-04-2,מוצק,לא דליק,280,,,,<0.01,3.25,,מסיס,,מוצק,,רעיל,לא רלוונטי,,,,3,0,0,,?,6.1,III,,,,,,,,,
cadmium oxide,Cadmium Oxide,CdO,1306-19-0,מוצק,לא דליק,900,,,,<0.01,8.15,,לא מסיס,,מוצק,,רעיל+מסרטן,לא רלוונטי,,,,3,0,0,,2570,6.1,II,,,,,,,,,
carbon monoxide,Carbon Monoxide,CO,630-08-0,גז,לא דליק,-192,12.5,74,609,לא רלוונטי,?,0.97,לא מסיס,,גז דליק רעיל,,,לא רלוונטי,,1200,,3,4,0,,1016,2.3,,,,,,,,,,
nitrous oxide,Nitrous Oxide,N₂O,10024-97-2,גז,לא דליק,-88,,,,לא רלוונטי,?,1.53,מסיס,,גז מחמצן,,,לא רלוונטי,,,,2,0,0,OX,1070,2.2,,,,,,,,,,
sulfur hexafluoride,Sulfur Hexafluoride,SF₆,2551-62-4,גז,לא דליק,-64,,,,לא רלוונטי,?,5.1,לא מסיס,,גז אינרטי,,,לא רלוונטי,,,,0,0,0,,1080,2.2,,,,,,,,,,
sodium azide,Sodium Azide,NaN₃,26628-22-8,מוצק,לא דליק,275,,,,<0.01,1.85,,מסיס,,מוצק,,רעיל מאוד+נפץ,לא רלוונטי,,,,4,1,3,,1687,6.1,II,,,,,,,,,
potassium cyanide,Potassium Cyanide,KCN,151-50-8,מוצק,לא דליק,634,,,,<0.01,1.52,,מסיס,11,מוצק,,רעיל מאוד,לא רלוונטי,,5,,4,0,0,,1680,6.1,I,,,,,,,,,
sodium cyanide,Sodium Cyanide,NaCN,143-33-9,מוצק,לא דליק,563,,,,<0.01,1.60,,מסיס,11,מוצק,,רעיל מאוד,לא רלוונטי,,5,,4,0,0,,1689,6.1,I,,,,,,,,,
zinc chromate,Zinc Chromate,ZnCrO₄,13530-65-9,מוצק,לא דליק,מתפרק,,,,<0.01,3.40,,לא מסיס,,מוצק מחמצן,,מסרטן,לא רלוונטי,,,,3,0,1,OX,3288,6.1,II,,,,,,,,,
lead chromate,Lead Chromate,PbCrO₄,7758-97-6,מוצק,לא דליק,844,,,,<0.01,6.12,,לא מסיס,,מוצק מחמצן,,מסרטן,לא רלוונטי,,,,3,0,1,OX,3288,6.1,II,,,,,,,,,
barium sulfate,Barium Sulfate,BaSO₄,7727-43-7,מוצק,לא דליק,1580,,,,<0.01,4.50,,לא מסיס,,מוצק,,,לא רלוונטי,,,,1,0,0,,לא רלוונטי,,,,,,,,,,,
epoxy resin,Epoxy Resin,תערובת,משתנה,נוזל,>100,>300,,,,<0.01,1.2,,לא מסיס,,נוזל בעיר,Class IIIB,מגרה,נוזל בעיר,Class IIIB,,,2,1,1,,לא רלוונטי,,,454.2,454.2,,,,,3,Use: See Note 1,ליטר
polyurethane prepolymer,Polyurethane Prepolymer,תערובת,משתנה,נוזל,>100,>200,,,,<1,1.1,,לא מסיס,,נוזל בעיר,Class IIIB,,נוזל בעיר,Class IIIB,,,2,1,1,,לא רלוונטי,,,454.2,454.2,,,,,3,Use: See Note 1,ליטר
trisodium phosphate,Trisodium Phosphate,Na₃PO₄,7601-54-9,מוצק,לא דליק,1583,,,,<0.01,2.54,,מסיס,12,מוצק,,קורוזיבי קל,לא רלוונטי,,,,2,0,0,COR,לא רלוונטי,,,,,,,,,,,
sodium metasilicate,Sodium Metasilicate,Na₂SiO₃,6834-92-0,מוצק,לא דליק,1089,,,,<0.01,2.61,,מסיס,13,מוצק,,קורוזיבי,לא רלוונטי,,,,3,0,0,COR,3253,8,III,,,,,,,,,
